repository,number,quantity
freeCodeCamp/freeCodeCamp,40032,0
freeCodeCamp/freeCodeCamp,40033,0
freeCodeCamp/freeCodeCamp,40036,0
freeCodeCamp/freeCodeCamp,40041,0
freeCodeCamp/freeCodeCamp,40042,0
freeCodeCamp/freeCodeCamp,40043,0
freeCodeCamp/freeCodeCamp,40044,0
freeCodeCamp/freeCodeCamp,40046,0
freeCodeCamp/freeCodeCamp,40050,0
freeCodeCamp/freeCodeCamp,40051,0
freeCodeCamp/freeCodeCamp,40052,0
freeCodeCamp/freeCodeCamp,40053,0
freeCodeCamp/freeCodeCamp,40055,0
freeCodeCamp/freeCodeCamp,40058,0
freeCodeCamp/freeCodeCamp,40062,0
freeCodeCamp/freeCodeCamp,40063,0
freeCodeCamp/freeCodeCamp,40064,0
freeCodeCamp/freeCodeCamp,40065,0
freeCodeCamp/freeCodeCamp,40067,0
freeCodeCamp/freeCodeCamp,40073,0
freeCodeCamp/freeCodeCamp,40074,0
freeCodeCamp/freeCodeCamp,40089,0
freeCodeCamp/freeCodeCamp,40111,0
freeCodeCamp/freeCodeCamp,40112,0
freeCodeCamp/freeCodeCamp,40113,0
freeCodeCamp/freeCodeCamp,40115,0
freeCodeCamp/freeCodeCamp,40117,0
freeCodeCamp/freeCodeCamp,40119,0
freeCodeCamp/freeCodeCamp,40124,0
freeCodeCamp/freeCodeCamp,40125,0
freeCodeCamp/freeCodeCamp,40128,0
freeCodeCamp/freeCodeCamp,40143,0
freeCodeCamp/freeCodeCamp,40158,0
freeCodeCamp/freeCodeCamp,40159,0
freeCodeCamp/freeCodeCamp,40163,0
freeCodeCamp/freeCodeCamp,40164,0
freeCodeCamp/freeCodeCamp,40165,0
freeCodeCamp/freeCodeCamp,40166,0
freeCodeCamp/freeCodeCamp,40167,0
freeCodeCamp/freeCodeCamp,40170,0
vuejs/vue,11685,0
vuejs/vue,11686,0
vuejs/vue,11687,0
vuejs/vue,11688,0
vuejs/vue,11689,0
vuejs/vue,11690,0
vuejs/vue,11693,0
vuejs/vue,11694,0
vuejs/vue,11695,0
vuejs/vue,11696,0
vuejs/vue,11697,0
vuejs/vue,11701,0
vuejs/vue,11703,0
vuejs/vue,11708,0
vuejs/vue,11709,0
vuejs/vue,11710,0
vuejs/vue,11713,0
vuejs/vue,11714,0
vuejs/vue,11715,0
vuejs/vue,11716,0
vuejs/vue,11718,0
vuejs/vue,11719,0
vuejs/vue,11720,0
vuejs/vue,11722,0
vuejs/vue,11727,0
vuejs/vue,11728,0
vuejs/vue,11730,0
vuejs/vue,11732,0
vuejs/vue,11733,0
vuejs/vue,11734,0
vuejs/vue,11735,0
vuejs/vue,11736,0
vuejs/vue,11738,0
vuejs/vue,11742,0
vuejs/vue,11743,0
vuejs/vue,11745,0
vuejs/vue,11747,0
vuejs/vue,11748,0
vuejs/vue,11751,0
vuejs/vue,11752,0
facebook/react,20111,0
facebook/react,20112,0
facebook/react,20113,0
facebook/react,20116,0
facebook/react,20117,0
facebook/react,20118,0
facebook/react,20119,0
facebook/react,20120,0
facebook/react,20122,0
facebook/react,20123,0
facebook/react,20124,0
facebook/react,20125,0
facebook/react,20126,0
facebook/react,20127,0
facebook/react,20130,0
facebook/react,20131,0
facebook/react,20132,0
facebook/react,20135,0
facebook/react,20139,0
facebook/react,20140,0
facebook/react,20141,0
facebook/react,20142,0
facebook/react,20143,0
facebook/react,20144,0
facebook/react,20145,0
facebook/react,20146,0
facebook/react,20148,0
facebook/react,20151,0
facebook/react,20152,0
facebook/react,20156,0
facebook/react,20157,0
facebook/react,20158,0
facebook/react,20159,0
facebook/react,20160,0
facebook/react,20161,0
facebook/react,20162,0
facebook/react,20164,0
facebook/react,20165,0
facebook/react,20166,0
facebook/react,20167,0
twbs/bootstrap,31941,0
twbs/bootstrap,31942,0
twbs/bootstrap,31944,0
twbs/bootstrap,31945,0
twbs/bootstrap,31946,0
twbs/bootstrap,31949,0
twbs/bootstrap,31956,0
twbs/bootstrap,31958,0
twbs/bootstrap,31959,0
twbs/bootstrap,31963,0
twbs/bootstrap,31966,0
twbs/bootstrap,31969,0
twbs/bootstrap,31971,0
twbs/bootstrap,31974,0
twbs/bootstrap,31977,0
twbs/bootstrap,31980,0
twbs/bootstrap,31983,0
twbs/bootstrap,31991,0
twbs/bootstrap,31994,0
twbs/bootstrap,31996,0
twbs/bootstrap,31997,0
twbs/bootstrap,31998,0
twbs/bootstrap,31999,0
twbs/bootstrap,32000,0
twbs/bootstrap,32007,0
twbs/bootstrap,32017,0
twbs/bootstrap,32019,0
twbs/bootstrap,32022,0
twbs/bootstrap,32025,0
twbs/bootstrap,32028,0
twbs/bootstrap,32029,0
twbs/bootstrap,32032,0
twbs/bootstrap,32034,0
twbs/bootstrap,32038,0
twbs/bootstrap,32041,0
twbs/bootstrap,32044,0
twbs/bootstrap,32047,0
twbs/bootstrap,32051,0
twbs/bootstrap,32052,0
twbs/bootstrap,32053,0
airbnb/javascript,2239,0
airbnb/javascript,2243,0
airbnb/javascript,2245,0
airbnb/javascript,2247,0
airbnb/javascript,2248,0
airbnb/javascript,2251,0
airbnb/javascript,2253,0
airbnb/javascript,2254,0
airbnb/javascript,2255,0
airbnb/javascript,2256,0
airbnb/javascript,2257,0
airbnb/javascript,2259,0
airbnb/javascript,2260,0
airbnb/javascript,2261,0
airbnb/javascript,2262,0
airbnb/javascript,2263,0
airbnb/javascript,2265,0
airbnb/javascript,2266,0
airbnb/javascript,2267,0
airbnb/javascript,2268,0
airbnb/javascript,2270,0
airbnb/javascript,2271,0
airbnb/javascript,2272,0
airbnb/javascript,2273,0
airbnb/javascript,2274,0
airbnb/javascript,2275,0
airbnb/javascript,2276,0
airbnb/javascript,2277,0
airbnb/javascript,2278,0
airbnb/javascript,2282,0
airbnb/javascript,2285,0
airbnb/javascript,2286,0
airbnb/javascript,2288,0
airbnb/javascript,2289,0
airbnb/javascript,2293,0
airbnb/javascript,2297,0
airbnb/javascript,2301,0
airbnb/javascript,2302,0
airbnb/javascript,2317,0
airbnb/javascript,2327,0
d3/d3,3354,2
d3/d3,3355,1
d3/d3,3356,1
d3/d3,3357,1
d3/d3,3358,0
d3/d3,3359,3
d3/d3,3361,2
d3/d3,3364,2
d3/d3,3365,2
d3/d3,3392,2
d3/d3,3402,4
d3/d3,3403,1
d3/d3,3417,2
d3/d3,3418,2
d3/d3,3421,0
d3/d3,3422,1
d3/d3,3423,2
d3/d3,3424,1
d3/d3,3425,3
d3/d3,3426,0
d3/d3,3427,1
d3/d3,3428,2
d3/d3,3429,2
d3/d3,3430,3
d3/d3,3431,0
d3/d3,3433,0
d3/d3,3434,3
d3/d3,3435,1
d3/d3,3436,1
d3/d3,3437,0
d3/d3,3441,1
d3/d3,3442,0
d3/d3,3443,1
d3/d3,3444,30
d3/d3,3445,3
d3/d3,3446,1
d3/d3,3447,1
d3/d3,3448,1
d3/d3,3450,3
d3/d3,3451,3
facebook/react-native,30260,0
facebook/react-native,30261,0
facebook/react-native,30262,0
facebook/react-native,30263,0
facebook/react-native,30264,0
facebook/react-native,30267,0
facebook/react-native,30269,0
facebook/react-native,30270,0
facebook/react-native,30271,0
facebook/react-native,30272,0
facebook/react-native,30275,0
facebook/react-native,30276,0
facebook/react-native,30277,0
facebook/react-native,30278,0
facebook/react-native,30281,0
facebook/react-native,30282,0
facebook/react-native,30283,0
facebook/react-native,30284,0
facebook/react-native,30287,0
facebook/react-native,30288,0
facebook/react-native,30289,0
facebook/react-native,30290,0
facebook/react-native,30294,0
facebook/react-native,30295,0
facebook/react-native,30297,0
facebook/react-native,30298,0
facebook/react-native,30301,0
facebook/react-native,30302,0
facebook/react-native,30304,0
facebook/react-native,30306,0
facebook/react-native,30307,0
facebook/react-native,30309,0
facebook/react-native,30311,0
facebook/react-native,30315,0
facebook/react-native,30317,0
facebook/react-native,30318,0
facebook/react-native,30319,0
facebook/react-native,30320,0
facebook/react-native,30321,0
facebook/react-native,30322,0
facebook/create-react-app,9962,0
facebook/create-react-app,9963,0
facebook/create-react-app,9965,0
facebook/create-react-app,9966,0
facebook/create-react-app,9968,0
facebook/create-react-app,9969,0
facebook/create-react-app,9970,0
facebook/create-react-app,9973,0
facebook/create-react-app,9975,0
facebook/create-react-app,9976,0
facebook/create-react-app,9978,0
facebook/create-react-app,9979,0
facebook/create-react-app,9980,0
facebook/create-react-app,9981,0
facebook/create-react-app,9982,0
facebook/create-react-app,9983,0
facebook/create-react-app,9984,0
facebook/create-react-app,9985,0
facebook/create-react-app,9986,0
facebook/create-react-app,9987,0
facebook/create-react-app,9989,0
facebook/create-react-app,9991,0
facebook/create-react-app,9992,0
facebook/create-react-app,9993,0
facebook/create-react-app,9994,0
facebook/create-react-app,9995,0
facebook/create-react-app,9997,0
facebook/create-react-app,9999,0
facebook/create-react-app,10002,0
facebook/create-react-app,10009,0
facebook/create-react-app,10012,0
facebook/create-react-app,10016,0
facebook/create-react-app,10017,0
facebook/create-react-app,10019,0
facebook/create-react-app,10020,0
facebook/create-react-app,10021,0
facebook/create-react-app,10022,0
facebook/create-react-app,10023,0
facebook/create-react-app,10024,0
facebook/create-react-app,10025,0
trekhleb/javascript-algorithms,481,0
trekhleb/javascript-algorithms,484,0
trekhleb/javascript-algorithms,485,0
trekhleb/javascript-algorithms,488,0
trekhleb/javascript-algorithms,491,0
trekhleb/javascript-algorithms,495,0
trekhleb/javascript-algorithms,496,0
trekhleb/javascript-algorithms,498,0
trekhleb/javascript-algorithms,499,0
trekhleb/javascript-algorithms,500,0
trekhleb/javascript-algorithms,505,0
trekhleb/javascript-algorithms,506,0
trekhleb/javascript-algorithms,513,0
trekhleb/javascript-algorithms,514,0
trekhleb/javascript-algorithms,518,0
trekhleb/javascript-algorithms,519,0
trekhleb/javascript-algorithms,521,0
trekhleb/javascript-algorithms,522,0
trekhleb/javascript-algorithms,525,0
trekhleb/javascript-algorithms,527,0
trekhleb/javascript-algorithms,528,0
trekhleb/javascript-algorithms,529,0
trekhleb/javascript-algorithms,531,0
trekhleb/javascript-algorithms,535,0
trekhleb/javascript-algorithms,536,0
trekhleb/javascript-algorithms,538,0
trekhleb/javascript-algorithms,539,0
trekhleb/javascript-algorithms,543,0
trekhleb/javascript-algorithms,544,0
trekhleb/javascript-algorithms,546,0
trekhleb/javascript-algorithms,550,0
trekhleb/javascript-algorithms,555,0
trekhleb/javascript-algorithms,560,0
trekhleb/javascript-algorithms,563,0
trekhleb/javascript-algorithms,564,0
trekhleb/javascript-algorithms,566,0
trekhleb/javascript-algorithms,567,0
trekhleb/javascript-algorithms,568,0
trekhleb/javascript-algorithms,569,0
trekhleb/javascript-algorithms,573,0
axios/axios,3339,0
axios/axios,3340,1
axios/axios,3341,0
axios/axios,3343,1
axios/axios,3344,3
axios/axios,3345,0
axios/axios,3346,0
axios/axios,3347,2
axios/axios,3348,0
axios/axios,3349,0
axios/axios,3350,0
axios/axios,3351,0
axios/axios,3352,0
axios/axios,3353,2
axios/axios,3354,0
axios/axios,3355,0
axios/axios,3356,1
axios/axios,3357,0
axios/axios,3358,2
axios/axios,3359,0
axios/axios,3363,0
axios/axios,3365,0
axios/axios,3366,0
axios/axios,3368,0
axios/axios,3369,0
axios/axios,3370,0
axios/axios,3371,0
axios/axios,3372,0
axios/axios,3373,1
axios/axios,3374,0
axios/axios,3378,1
axios/axios,3379,1
axios/axios,3381,0
axios/axios,3382,2
axios/axios,3383,1
axios/axios,3384,0
axios/axios,3385,1
axios/axios,3386,1
axios/axios,3387,1
axios/axios,3388,0
donnemartin/system-design-primer,344,0
donnemartin/system-design-primer,346,0
donnemartin/system-design-primer,347,0
donnemartin/system-design-primer,349,0
donnemartin/system-design-primer,352,0
donnemartin/system-design-primer,353,0
donnemartin/system-design-primer,354,0
donnemartin/system-design-primer,359,0
donnemartin/system-design-primer,366,0
donnemartin/system-design-primer,389,0
donnemartin/system-design-primer,390,0
donnemartin/system-design-primer,397,0
donnemartin/system-design-primer,402,0
donnemartin/system-design-primer,403,0
donnemartin/system-design-primer,410,0
donnemartin/system-design-primer,412,0
donnemartin/system-design-primer,415,0
donnemartin/system-design-primer,416,0
donnemartin/system-design-primer,419,0
donnemartin/system-design-primer,420,0
donnemartin/system-design-primer,422,0
donnemartin/system-design-primer,424,0
donnemartin/system-design-primer,426,0
donnemartin/system-design-primer,431,0
donnemartin/system-design-primer,442,0
donnemartin/system-design-primer,443,0
donnemartin/system-design-primer,445,0
donnemartin/system-design-primer,446,0
donnemartin/system-design-primer,449,0
donnemartin/system-design-primer,452,0
donnemartin/system-design-primer,455,0
donnemartin/system-design-primer,457,0
donnemartin/system-design-primer,460,0
donnemartin/system-design-primer,463,0
donnemartin/system-design-primer,464,0
donnemartin/system-design-primer,465,0
donnemartin/system-design-primer,471,0
donnemartin/system-design-primer,475,0
donnemartin/system-design-primer,477,0
donnemartin/system-design-primer,482,0
public-apis/public-apis,1128,6
public-apis/public-apis,1129,5
public-apis/public-apis,1137,2
public-apis/public-apis,1146,3
public-apis/public-apis,1157,7
public-apis/public-apis,1199,5
public-apis/public-apis,1201,3
public-apis/public-apis,1208,1
public-apis/public-apis,1213,4
public-apis/public-apis,1221,1
public-apis/public-apis,1240,2
public-apis/public-apis,1268,2
public-apis/public-apis,1275,1
public-apis/public-apis,1280,10
public-apis/public-apis,1297,1
public-apis/public-apis,1307,3
public-apis/public-apis,1315,1
public-apis/public-apis,1317,2
public-apis/public-apis,1329,1
public-apis/public-apis,1334,0
public-apis/public-apis,1336,3
public-apis/public-apis,1339,4
public-apis/public-apis,1349,2
public-apis/public-apis,1350,0
public-apis/public-apis,1360,0
public-apis/public-apis,1364,6
public-apis/public-apis,1370,2
public-apis/public-apis,1373,7
public-apis/public-apis,1376,1
public-apis/public-apis,1399,3
public-apis/public-apis,1401,5
public-apis/public-apis,1406,2
public-apis/public-apis,1408,7
public-apis/public-apis,1416,1
public-apis/public-apis,1417,3
public-apis/public-apis,1420,1
public-apis/public-apis,1429,3
public-apis/public-apis,1430,3
public-apis/public-apis,1433,15
public-apis/public-apis,1435,1
jackfrued/Python-100-Days,637,0
jackfrued/Python-100-Days,638,0
jackfrued/Python-100-Days,639,0
jackfrued/Python-100-Days,640,0
jackfrued/Python-100-Days,642,0
jackfrued/Python-100-Days,644,0
jackfrued/Python-100-Days,645,0
jackfrued/Python-100-Days,647,0
jackfrued/Python-100-Days,648,0
jackfrued/Python-100-Days,649,0
jackfrued/Python-100-Days,650,0
jackfrued/Python-100-Days,651,0
jackfrued/Python-100-Days,652,0
jackfrued/Python-100-Days,654,0
jackfrued/Python-100-Days,655,0
jackfrued/Python-100-Days,658,0
jackfrued/Python-100-Days,659,0
jackfrued/Python-100-Days,660,0
jackfrued/Python-100-Days,662,0
jackfrued/Python-100-Days,663,0
jackfrued/Python-100-Days,667,0
jackfrued/Python-100-Days,669,0
jackfrued/Python-100-Days,670,0
jackfrued/Python-100-Days,671,0
jackfrued/Python-100-Days,672,0
jackfrued/Python-100-Days,673,0
jackfrued/Python-100-Days,674,0
jackfrued/Python-100-Days,675,0
jackfrued/Python-100-Days,677,0
jackfrued/Python-100-Days,680,0
jackfrued/Python-100-Days,681,0
jackfrued/Python-100-Days,683,0
jackfrued/Python-100-Days,684,0
jackfrued/Python-100-Days,686,0
jackfrued/Python-100-Days,688,0
jackfrued/Python-100-Days,689,0
jackfrued/Python-100-Days,690,0
jackfrued/Python-100-Days,691,0
jackfrued/Python-100-Days,692,0
jackfrued/Python-100-Days,693,0
TheAlgorithms/Python,3295,0
TheAlgorithms/Python,3325,0
TheAlgorithms/Python,3326,0
TheAlgorithms/Python,3353,0
TheAlgorithms/Python,3361,0
TheAlgorithms/Python,3362,0
TheAlgorithms/Python,3453,0
TheAlgorithms/Python,3473,0
TheAlgorithms/Python,3477,0
TheAlgorithms/Python,3479,0
TheAlgorithms/Python,3480,0
TheAlgorithms/Python,3486,0
TheAlgorithms/Python,3516,0
TheAlgorithms/Python,3527,0
TheAlgorithms/Python,3531,0
TheAlgorithms/Python,3532,0
TheAlgorithms/Python,3536,0
TheAlgorithms/Python,3539,0
TheAlgorithms/Python,3562,0
TheAlgorithms/Python,3565,0
TheAlgorithms/Python,3584,0
TheAlgorithms/Python,3609,0
TheAlgorithms/Python,3610,0
TheAlgorithms/Python,3633,0
TheAlgorithms/Python,3646,0
TheAlgorithms/Python,3655,0
TheAlgorithms/Python,3657,0
TheAlgorithms/Python,3673,0
TheAlgorithms/Python,3682,0
TheAlgorithms/Python,3705,0
TheAlgorithms/Python,3707,0
TheAlgorithms/Python,3786,0
TheAlgorithms/Python,3807,0
TheAlgorithms/Python,3810,0
TheAlgorithms/Python,3819,0
TheAlgorithms/Python,3823,0
TheAlgorithms/Python,3838,0
TheAlgorithms/Python,3847,0
TheAlgorithms/Python,3856,0
TheAlgorithms/Python,3861,0
vinta/awesome-python,1306,0
vinta/awesome-python,1312,0
vinta/awesome-python,1313,0
vinta/awesome-python,1315,0
vinta/awesome-python,1317,0
vinta/awesome-python,1320,0
vinta/awesome-python,1324,0
vinta/awesome-python,1326,0
vinta/awesome-python,1328,0
vinta/awesome-python,1329,0
vinta/awesome-python,1332,0
vinta/awesome-python,1333,0
vinta/awesome-python,1347,0
vinta/awesome-python,1353,0
vinta/awesome-python,1354,0
vinta/awesome-python,1355,0
vinta/awesome-python,1356,0
vinta/awesome-python,1367,0
vinta/awesome-python,1435,0
vinta/awesome-python,1444,0
vinta/awesome-python,1459,0
vinta/awesome-python,1519,0
vinta/awesome-python,1520,0
vinta/awesome-python,1535,0
vinta/awesome-python,1537,0
vinta/awesome-python,1541,0
vinta/awesome-python,1546,0
vinta/awesome-python,1553,0
vinta/awesome-python,1583,0
vinta/awesome-python,1584,0
vinta/awesome-python,1587,0
vinta/awesome-python,1590,0
vinta/awesome-python,1607,0
vinta/awesome-python,1611,0
vinta/awesome-python,1614,0
vinta/awesome-python,1619,0
vinta/awesome-python,1630,0
vinta/awesome-python,1650,0
vinta/awesome-python,1660,0
vinta/awesome-python,1672,0
tensorflow/models,9403,0
tensorflow/models,9404,0
tensorflow/models,9407,0
tensorflow/models,9408,3
tensorflow/models,9409,1
tensorflow/models,9410,0
tensorflow/models,9411,0
tensorflow/models,9412,0
tensorflow/models,9413,0
tensorflow/models,9414,0
tensorflow/models,9415,0
tensorflow/models,9416,0
tensorflow/models,9417,0
tensorflow/models,9418,0
tensorflow/models,9419,0
tensorflow/models,9420,0
tensorflow/models,9421,0
tensorflow/models,9422,0
tensorflow/models,9423,0
tensorflow/models,9424,0
tensorflow/models,9425,0
tensorflow/models,9426,0
tensorflow/models,9427,0
tensorflow/models,9428,0
tensorflow/models,9429,0
tensorflow/models,9431,0
tensorflow/models,9432,0
tensorflow/models,9434,1
tensorflow/models,9435,0
tensorflow/models,9436,0
tensorflow/models,9438,0
tensorflow/models,9439,0
tensorflow/models,9440,0
tensorflow/models,9441,0
tensorflow/models,9442,0
tensorflow/models,9443,0
tensorflow/models,9444,0
tensorflow/models,9445,0
tensorflow/models,9446,1
tensorflow/models,9447,0
nvbn/thefuck,1067,0
nvbn/thefuck,1068,0
nvbn/thefuck,1070,0
nvbn/thefuck,1071,0
nvbn/thefuck,1073,0
nvbn/thefuck,1074,0
nvbn/thefuck,1075,0
nvbn/thefuck,1076,0
nvbn/thefuck,1077,0
nvbn/thefuck,1078,0
nvbn/thefuck,1079,0
nvbn/thefuck,1080,0
nvbn/thefuck,1081,0
nvbn/thefuck,1083,0
nvbn/thefuck,1084,0
nvbn/thefuck,1085,0
nvbn/thefuck,1086,0
nvbn/thefuck,1087,0
nvbn/thefuck,1089,0
nvbn/thefuck,1096,0
nvbn/thefuck,1098,0
nvbn/thefuck,1099,0
nvbn/thefuck,1107,0
nvbn/thefuck,1108,0
nvbn/thefuck,1110,0
nvbn/thefuck,1112,0
nvbn/thefuck,1113,0
nvbn/thefuck,1120,0
nvbn/thefuck,1123,0
nvbn/thefuck,1126,0
nvbn/thefuck,1127,0
nvbn/thefuck,1128,0
nvbn/thefuck,1129,0
nvbn/thefuck,1132,0
nvbn/thefuck,1134,0
nvbn/thefuck,1136,0
nvbn/thefuck,1137,0
nvbn/thefuck,1141,0
nvbn/thefuck,1142,0
nvbn/thefuck,1143,0
pallets/flask,3718,0
pallets/flask,3719,0
pallets/flask,3720,0
pallets/flask,3721,0
pallets/flask,3724,0
pallets/flask,3727,0
pallets/flask,3729,0
pallets/flask,3731,0
pallets/flask,3735,0
pallets/flask,3738,0
pallets/flask,3745,0
pallets/flask,3746,0
pallets/flask,3747,0
pallets/flask,3750,0
pallets/flask,3752,0
pallets/flask,3753,0
pallets/flask,3760,0
pallets/flask,3761,0
pallets/flask,3763,0
pallets/flask,3764,0
pallets/flask,3765,0
pallets/flask,3766,0
pallets/flask,3768,0
pallets/flask,3770,0
pallets/flask,3775,0
pallets/flask,3776,0
pallets/flask,3780,0
pallets/flask,3783,0
pallets/flask,3787,0
pallets/flask,3789,0
pallets/flask,3796,0
pallets/flask,3800,0
pallets/flask,3801,0
pallets/flask,3803,0
pallets/flask,3810,0
pallets/flask,3815,0
pallets/flask,3817,0
pallets/flask,3825,0
pallets/flask,3826,0
pallets/flask,3829,0
httpie/httpie,903,1
httpie/httpie,904,0
httpie/httpie,911,0
httpie/httpie,912,0
httpie/httpie,913,0
httpie/httpie,914,0
httpie/httpie,915,0
httpie/httpie,916,0
httpie/httpie,917,0
httpie/httpie,919,0
httpie/httpie,921,0
httpie/httpie,922,0
httpie/httpie,923,0
httpie/httpie,925,0
httpie/httpie,926,0
httpie/httpie,928,0
httpie/httpie,935,0
httpie/httpie,937,0
httpie/httpie,939,1
httpie/httpie,940,0
httpie/httpie,943,0
httpie/httpie,946,0
httpie/httpie,948,0
httpie/httpie,949,0
httpie/httpie,950,0
httpie/httpie,951,0
httpie/httpie,953,0
httpie/httpie,955,0
httpie/httpie,958,0
httpie/httpie,959,0
httpie/httpie,960,0
httpie/httpie,962,0
httpie/httpie,963,0
httpie/httpie,964,0
httpie/httpie,965,0
httpie/httpie,966,0
httpie/httpie,971,0
httpie/httpie,974,0
httpie/httpie,975,0
httpie/httpie,985,0
josephmisiti/awesome-machine-learning,330,0
josephmisiti/awesome-machine-learning,336,0
josephmisiti/awesome-machine-learning,342,0
josephmisiti/awesome-machine-learning,343,0
josephmisiti/awesome-machine-learning,365,0
josephmisiti/awesome-machine-learning,380,0
josephmisiti/awesome-machine-learning,385,0
josephmisiti/awesome-machine-learning,386,0
josephmisiti/awesome-machine-learning,395,0
josephmisiti/awesome-machine-learning,398,0
josephmisiti/awesome-machine-learning,427,0
josephmisiti/awesome-machine-learning,435,0
josephmisiti/awesome-machine-learning,467,0
josephmisiti/awesome-machine-learning,482,0
josephmisiti/awesome-machine-learning,485,0
josephmisiti/awesome-machine-learning,486,0
josephmisiti/awesome-machine-learning,489,0
josephmisiti/awesome-machine-learning,493,0
josephmisiti/awesome-machine-learning,495,0
josephmisiti/awesome-machine-learning,496,0
josephmisiti/awesome-machine-learning,498,0
josephmisiti/awesome-machine-learning,505,0
josephmisiti/awesome-machine-learning,509,0
josephmisiti/awesome-machine-learning,534,0
josephmisiti/awesome-machine-learning,546,0
josephmisiti/awesome-machine-learning,551,0
josephmisiti/awesome-machine-learning,564,0
josephmisiti/awesome-machine-learning,577,0
josephmisiti/awesome-machine-learning,605,0
josephmisiti/awesome-machine-learning,614,0
josephmisiti/awesome-machine-learning,620,0
josephmisiti/awesome-machine-learning,644,0
josephmisiti/awesome-machine-learning,682,0
josephmisiti/awesome-machine-learning,687,0
josephmisiti/awesome-machine-learning,695,0
josephmisiti/awesome-machine-learning,711,0
josephmisiti/awesome-machine-learning,715,0
josephmisiti/awesome-machine-learning,744,0
josephmisiti/awesome-machine-learning,749,0
josephmisiti/awesome-machine-learning,750,0
CyC2018/CS-Notes,948,0
CyC2018/CS-Notes,949,0
CyC2018/CS-Notes,950,0
CyC2018/CS-Notes,951,0
CyC2018/CS-Notes,953,0
CyC2018/CS-Notes,954,0
CyC2018/CS-Notes,955,0
CyC2018/CS-Notes,958,0
CyC2018/CS-Notes,959,0
CyC2018/CS-Notes,960,0
CyC2018/CS-Notes,961,0
CyC2018/CS-Notes,962,0
CyC2018/CS-Notes,963,0
CyC2018/CS-Notes,965,0
CyC2018/CS-Notes,966,0
CyC2018/CS-Notes,967,0
CyC2018/CS-Notes,968,0
CyC2018/CS-Notes,973,0
CyC2018/CS-Notes,974,0
CyC2018/CS-Notes,975,0
CyC2018/CS-Notes,976,0
CyC2018/CS-Notes,979,0
CyC2018/CS-Notes,980,0
CyC2018/CS-Notes,981,0
CyC2018/CS-Notes,982,0
CyC2018/CS-Notes,983,0
CyC2018/CS-Notes,984,0
CyC2018/CS-Notes,985,0
CyC2018/CS-Notes,986,0
CyC2018/CS-Notes,987,0
CyC2018/CS-Notes,989,0
CyC2018/CS-Notes,992,0
CyC2018/CS-Notes,995,0
CyC2018/CS-Notes,998,0
CyC2018/CS-Notes,999,0
CyC2018/CS-Notes,1001,0
CyC2018/CS-Notes,1003,0
CyC2018/CS-Notes,1004,0
CyC2018/CS-Notes,1005,0
CyC2018/CS-Notes,1009,0
Snailclimb/JavaGuide,884,0
Snailclimb/JavaGuide,891,0
Snailclimb/JavaGuide,892,0
Snailclimb/JavaGuide,895,0
Snailclimb/JavaGuide,897,0
Snailclimb/JavaGuide,900,0
Snailclimb/JavaGuide,901,0
Snailclimb/JavaGuide,907,0
Snailclimb/JavaGuide,908,0
Snailclimb/JavaGuide,909,0
Snailclimb/JavaGuide,914,0
Snailclimb/JavaGuide,916,0
Snailclimb/JavaGuide,917,0
Snailclimb/JavaGuide,922,0
Snailclimb/JavaGuide,923,0
Snailclimb/JavaGuide,932,0
Snailclimb/JavaGuide,935,0
Snailclimb/JavaGuide,936,0
Snailclimb/JavaGuide,939,0
Snailclimb/JavaGuide,940,0
Snailclimb/JavaGuide,941,0
Snailclimb/JavaGuide,942,0
Snailclimb/JavaGuide,944,0
Snailclimb/JavaGuide,950,0
Snailclimb/JavaGuide,951,0
Snailclimb/JavaGuide,952,0
Snailclimb/JavaGuide,953,0
Snailclimb/JavaGuide,963,0
Snailclimb/JavaGuide,964,0
Snailclimb/JavaGuide,965,0
Snailclimb/JavaGuide,967,0
Snailclimb/JavaGuide,968,0
Snailclimb/JavaGuide,969,0
Snailclimb/JavaGuide,970,0
Snailclimb/JavaGuide,972,0
Snailclimb/JavaGuide,974,0
Snailclimb/JavaGuide,975,0
Snailclimb/JavaGuide,976,0
Snailclimb/JavaGuide,978,0
Snailclimb/JavaGuide,979,0
iluwatar/java-design-patterns,1316,0
iluwatar/java-design-patterns,1317,0
iluwatar/java-design-patterns,1318,0
iluwatar/java-design-patterns,1319,0
iluwatar/java-design-patterns,1320,0
iluwatar/java-design-patterns,1321,0
iluwatar/java-design-patterns,1322,0
iluwatar/java-design-patterns,1323,0
iluwatar/java-design-patterns,1324,0
iluwatar/java-design-patterns,1325,0
iluwatar/java-design-patterns,1326,0
iluwatar/java-design-patterns,1327,0
iluwatar/java-design-patterns,1328,0
iluwatar/java-design-patterns,1329,0
iluwatar/java-design-patterns,1330,0
iluwatar/java-design-patterns,1331,0
iluwatar/java-design-patterns,1332,0
iluwatar/java-design-patterns,1333,0
iluwatar/java-design-patterns,1334,0
iluwatar/java-design-patterns,1335,0
iluwatar/java-design-patterns,1336,0
iluwatar/java-design-patterns,1337,0
iluwatar/java-design-patterns,1338,0
iluwatar/java-design-patterns,1339,0
iluwatar/java-design-patterns,1340,0
iluwatar/java-design-patterns,1444,0
iluwatar/java-design-patterns,1462,0
iluwatar/java-design-patterns,1468,0
iluwatar/java-design-patterns,1469,0
iluwatar/java-design-patterns,1473,0
iluwatar/java-design-patterns,1477,0
iluwatar/java-design-patterns,1483,0
iluwatar/java-design-patterns,1486,0
iluwatar/java-design-patterns,1500,0
iluwatar/java-design-patterns,1503,0
iluwatar/java-design-patterns,1508,0
iluwatar/java-design-patterns,1510,0
iluwatar/java-design-patterns,1536,0
iluwatar/java-design-patterns,1537,0
iluwatar/java-design-patterns,1569,0
MisterBooo/LeetCodeAnimation,12,0
MisterBooo/LeetCodeAnimation,13,0
MisterBooo/LeetCodeAnimation,14,0
MisterBooo/LeetCodeAnimation,15,0
MisterBooo/LeetCodeAnimation,17,0
MisterBooo/LeetCodeAnimation,19,0
MisterBooo/LeetCodeAnimation,20,0
MisterBooo/LeetCodeAnimation,21,0
MisterBooo/LeetCodeAnimation,22,0
MisterBooo/LeetCodeAnimation,23,0
MisterBooo/LeetCodeAnimation,27,0
MisterBooo/LeetCodeAnimation,30,0
MisterBooo/LeetCodeAnimation,32,0
MisterBooo/LeetCodeAnimation,33,0
MisterBooo/LeetCodeAnimation,35,0
MisterBooo/LeetCodeAnimation,36,0
MisterBooo/LeetCodeAnimation,38,0
MisterBooo/LeetCodeAnimation,39,0
MisterBooo/LeetCodeAnimation,40,0
MisterBooo/LeetCodeAnimation,41,0
MisterBooo/LeetCodeAnimation,42,0
MisterBooo/LeetCodeAnimation,43,0
MisterBooo/LeetCodeAnimation,44,1
MisterBooo/LeetCodeAnimation,45,0
MisterBooo/LeetCodeAnimation,46,0
MisterBooo/LeetCodeAnimation,68,0
MisterBooo/LeetCodeAnimation,96,0
MisterBooo/LeetCodeAnimation,98,0
MisterBooo/LeetCodeAnimation,102,0
MisterBooo/LeetCodeAnimation,103,0
MisterBooo/LeetCodeAnimation,104,0
MisterBooo/LeetCodeAnimation,105,0
MisterBooo/LeetCodeAnimation,106,0
MisterBooo/LeetCodeAnimation,111,0
MisterBooo/LeetCodeAnimation,115,0
MisterBooo/LeetCodeAnimation,116,0
MisterBooo/LeetCodeAnimation,118,0
MisterBooo/LeetCodeAnimation,119,0
MisterBooo/LeetCodeAnimation,120,0
MisterBooo/LeetCodeAnimation,122,0
elastic/elasticsearch,64445,0
elastic/elasticsearch,64450,0
elastic/elasticsearch,64453,0
elastic/elasticsearch,64463,0
elastic/elasticsearch,64464,0
elastic/elasticsearch,64467,0
elastic/elasticsearch,64470,0
elastic/elasticsearch,64480,0
elastic/elasticsearch,64486,0
elastic/elasticsearch,64506,0
elastic/elasticsearch,64511,0
elastic/elasticsearch,64516,0
elastic/elasticsearch,64518,0
elastic/elasticsearch,64519,0
elastic/elasticsearch,64529,0
elastic/elasticsearch,64535,0
elastic/elasticsearch,64539,0
elastic/elasticsearch,64542,0
elastic/elasticsearch,64553,0
elastic/elasticsearch,64563,0
elastic/elasticsearch,64564,0
elastic/elasticsearch,64567,0
elastic/elasticsearch,64568,0
elastic/elasticsearch,64569,0
elastic/elasticsearch,64577,0
elastic/elasticsearch,64578,0
elastic/elasticsearch,64580,0
elastic/elasticsearch,64583,0
elastic/elasticsearch,64585,0
elastic/elasticsearch,64595,0
elastic/elasticsearch,64602,0
elastic/elasticsearch,64607,0
elastic/elasticsearch,64609,0
elastic/elasticsearch,64612,0
elastic/elasticsearch,64613,0
elastic/elasticsearch,64624,0
elastic/elasticsearch,64652,0
elastic/elasticsearch,64656,0
elastic/elasticsearch,64663,0
elastic/elasticsearch,64669,0
spring-projects/spring-boot,24024,0
spring-projects/spring-boot,24025,0
spring-projects/spring-boot,24026,0
spring-projects/spring-boot,24027,0
spring-projects/spring-boot,24028,0
spring-projects/spring-boot,24029,0
spring-projects/spring-boot,24030,0
spring-projects/spring-boot,24031,0
spring-projects/spring-boot,24032,0
spring-projects/spring-boot,24033,0
spring-projects/spring-boot,24034,0
spring-projects/spring-boot,24035,0
spring-projects/spring-boot,24036,0
spring-projects/spring-boot,24037,0
spring-projects/spring-boot,24038,0
spring-projects/spring-boot,24039,0
spring-projects/spring-boot,24040,0
spring-projects/spring-boot,24041,0
spring-projects/spring-boot,24042,0
spring-projects/spring-boot,24043,0
spring-projects/spring-boot,24044,1
spring-projects/spring-boot,24045,0
spring-projects/spring-boot,24046,0
spring-projects/spring-boot,24047,0
spring-projects/spring-boot,24048,0
spring-projects/spring-boot,24049,0
spring-projects/spring-boot,24050,1
spring-projects/spring-boot,24051,0
spring-projects/spring-boot,24052,0
spring-projects/spring-boot,24053,0
spring-projects/spring-boot,24054,0
spring-projects/spring-boot,24055,0
spring-projects/spring-boot,24056,0
spring-projects/spring-boot,24057,0
spring-projects/spring-boot,24058,0
spring-projects/spring-boot,24059,0
spring-projects/spring-boot,24060,0
spring-projects/spring-boot,24061,0
spring-projects/spring-boot,24062,0
spring-projects/spring-boot,24063,0
doocs/advanced-java,130,0
doocs/advanced-java,133,0
doocs/advanced-java,134,0
doocs/advanced-java,135,0
doocs/advanced-java,136,0
doocs/advanced-java,137,0
doocs/advanced-java,138,0
doocs/advanced-java,139,0
doocs/advanced-java,140,0
doocs/advanced-java,141,0
doocs/advanced-java,147,0
doocs/advanced-java,148,0
doocs/advanced-java,149,0
doocs/advanced-java,150,0
doocs/advanced-java,151,0
doocs/advanced-java,155,0
doocs/advanced-java,156,0
doocs/advanced-java,157,0
doocs/advanced-java,165,0
doocs/advanced-java,168,0
doocs/advanced-java,169,0
doocs/advanced-java,174,0
doocs/advanced-java,175,0
doocs/advanced-java,176,0
doocs/advanced-java,177,0
doocs/advanced-java,178,0
doocs/advanced-java,179,0
doocs/advanced-java,180,0
doocs/advanced-java,181,0
doocs/advanced-java,184,0
doocs/advanced-java,187,0
doocs/advanced-java,190,0
doocs/advanced-java,191,0
doocs/advanced-java,192,0
doocs/advanced-java,195,0
doocs/advanced-java,197,0
doocs/advanced-java,199,0
doocs/advanced-java,200,0
doocs/advanced-java,201,0
doocs/advanced-java,202,0
kdn251/interviews,15,0
kdn251/interviews,26,0
kdn251/interviews,35,0
kdn251/interviews,44,0
kdn251/interviews,45,0
kdn251/interviews,46,0
kdn251/interviews,52,0
kdn251/interviews,56,0
kdn251/interviews,59,0
kdn251/interviews,61,0
kdn251/interviews,63,0
kdn251/interviews,66,0
kdn251/interviews,85,0
kdn251/interviews,91,0
kdn251/interviews,94,0
kdn251/interviews,99,0
kdn251/interviews,100,0
kdn251/interviews,101,0
kdn251/interviews,106,0
kdn251/interviews,107,0
kdn251/interviews,108,0
kdn251/interviews,109,0
kdn251/interviews,112,0
kdn251/interviews,114,0
kdn251/interviews,118,0
kdn251/interviews,122,0
kdn251/interviews,123,0
kdn251/interviews,124,0
kdn251/interviews,125,0
kdn251/interviews,127,0
kdn251/interviews,129,0
kdn251/interviews,144,0
kdn251/interviews,152,0
kdn251/interviews,154,0
kdn251/interviews,155,0
kdn251/interviews,156,0
kdn251/interviews,158,0
kdn251/interviews,165,0
kdn251/interviews,174,0
kdn251/interviews,183,0
ReactiveX/RxJava,7020,0
ReactiveX/RxJava,7021,0
ReactiveX/RxJava,7022,0
ReactiveX/RxJava,7025,0
ReactiveX/RxJava,7026,0
ReactiveX/RxJava,7029,0
ReactiveX/RxJava,7030,0
ReactiveX/RxJava,7032,0
ReactiveX/RxJava,7034,0
ReactiveX/RxJava,7036,0
ReactiveX/RxJava,7037,0
ReactiveX/RxJava,7039,0
ReactiveX/RxJava,7041,0
ReactiveX/RxJava,7042,0
ReactiveX/RxJava,7044,0
ReactiveX/RxJava,7045,0
ReactiveX/RxJava,7048,0
ReactiveX/RxJava,7050,1
ReactiveX/RxJava,7052,0
ReactiveX/RxJava,7054,0
ReactiveX/RxJava,7055,0
ReactiveX/RxJava,7056,0
ReactiveX/RxJava,7058,0
ReactiveX/RxJava,7061,0
ReactiveX/RxJava,7065,0
ReactiveX/RxJava,7068,0
ReactiveX/RxJava,7072,0
ReactiveX/RxJava,7074,0
ReactiveX/RxJava,7075,0
ReactiveX/RxJava,7076,0
ReactiveX/RxJava,7078,0
ReactiveX/RxJava,7079,0
ReactiveX/RxJava,7081,0
ReactiveX/RxJava,7085,0
ReactiveX/RxJava,7087,0
ReactiveX/RxJava,7092,0
ReactiveX/RxJava,7095,0
ReactiveX/RxJava,7100,0
ReactiveX/RxJava,7105,0
ReactiveX/RxJava,7107,0
macrozheng/mall,383,0
macrozheng/mall,384,0
macrozheng/mall,385,0
macrozheng/mall,386,0
macrozheng/mall,387,0
macrozheng/mall,388,0
macrozheng/mall,389,0
macrozheng/mall,390,0
macrozheng/mall,392,0
macrozheng/mall,393,0
macrozheng/mall,394,0
macrozheng/mall,395,0
macrozheng/mall,396,0
macrozheng/mall,398,0
macrozheng/mall,401,0
macrozheng/mall,402,0
macrozheng/mall,403,0
macrozheng/mall,404,0
macrozheng/mall,405,0
macrozheng/mall,406,0
macrozheng/mall,408,0
macrozheng/mall,410,0
macrozheng/mall,411,0
macrozheng/mall,412,0
macrozheng/mall,413,0
macrozheng/mall,414,0
macrozheng/mall,416,0
macrozheng/mall,417,0
macrozheng/mall,419,0
macrozheng/mall,421,0
macrozheng/mall,422,0
macrozheng/mall,425,0
macrozheng/mall,426,0
macrozheng/mall,427,0
macrozheng/mall,428,0
macrozheng/mall,429,0
macrozheng/mall,431,0
macrozheng/mall,432,0
macrozheng/mall,433,0
macrozheng/mall,434,0
